[{"_allAttributes":null,"_properties":null,"_methods":null,"file":"c:/Users/943013/OneDrive - Cognizant/Documents/XtelAssessment/force-app/main/default/lwc/assessement/assessement.js","metadata":{"decorators":[{"type":"track","targets":[{"name":"acc","type":"property"},{"name":"opp","type":"property"}]}],"declarationLoc":{"start":{"line":26,"column":0},"end":{"line":64,"column":1}},"classMembers":[{"type":"property","name":"acc","loc":{"start":{"line":27,"column":4},"end":{"line":27,"column":15}},"decorator":"track"},{"type":"property","name":"con","loc":{"start":{"line":28,"column":4},"end":{"line":28,"column":8}}},{"type":"property","name":"message","loc":{"start":{"line":29,"column":4},"end":{"line":29,"column":12}}},{"type":"property","name":"msg","loc":{"start":{"line":30,"column":4},"end":{"line":30,"column":8}}},{"type":"property","name":"opp","loc":{"start":{"line":31,"column":4},"end":{"line":31,"column":15}},"decorator":"track"},{"type":"method","name":"connectedCallback","loc":{"start":{"line":32,"column":4},"end":{"line":41,"column":5}}},{"type":"method","name":"contactFetch","loc":{"start":{"line":44,"column":4},"end":{"line":63,"column":5}}}],"exports":[{"type":"ExportDefaultDeclaration"}]},"updatedAt":"2021-09-30T06:22:47.027Z"}]